{
  "timestamp": "2025-12-17T05:11:20.825Z",
  "summary": {
    "totalIssues": 4,
    "totalPassed": 17,
    "criticalIssues": 0,
    "highIssues": 2,
    "mediumIssues": 2,
    "lowIssues": 0
  },
  "issues": [
    {
      "category": "Injection",
      "severity": "high",
      "description": "Input sanitization may not be active",
      "recommendation": "Add mongo-sanitize and xss-clean middleware",
      "timestamp": "2025-12-17T05:11:20.821Z"
    },
    {
      "category": "Vulnerable Components",
      "severity": "medium",
      "description": "Package express may be vulnerable",
      "recommendation": "Update to latest secure version",
      "timestamp": "2025-12-17T05:11:20.823Z"
    },
    {
      "category": "Vulnerable Components",
      "severity": "medium",
      "description": "Package helmet may be vulnerable",
      "recommendation": "Update to latest secure version",
      "timestamp": "2025-12-17T05:11:20.823Z"
    },
    {
      "category": "SSRF",
      "severity": "high",
      "description": "External requests may not be properly restricted",
      "recommendation": "Implement domain whitelisting and block dangerous patterns",
      "timestamp": "2025-12-17T05:11:20.824Z"
    }
  ],
  "passed": [
    {
      "category": "Broken Access Control",
      "description": "Admin routes are properly protected with authentication",
      "timestamp": "2025-12-17T05:11:20.820Z"
    },
    {
      "category": "Broken Access Control",
      "description": "Admin pages are blocked from search engines",
      "timestamp": "2025-12-17T05:11:20.820Z"
    },
    {
      "category": "Injection",
      "description": "Input validation is implemented",
      "timestamp": "2025-12-17T05:11:20.821Z"
    },
    {
      "category": "Cryptographic Failures",
      "description": "Strong session secret is configured",
      "timestamp": "2025-12-17T05:11:20.821Z"
    },
    {
      "category": "Cryptographic Failures",
      "description": "HTTPS-only cookies in production",
      "timestamp": "2025-12-17T05:11:20.821Z"
    },
    {
      "category": "Insecure Design",
      "description": "Rate limiting is implemented",
      "timestamp": "2025-12-17T05:11:20.821Z"
    },
    {
      "category": "Insecure Design",
      "description": "HTTP Parameter Pollution protection is active",
      "timestamp": "2025-12-17T05:11:20.822Z"
    },
    {
      "category": "Security Misconfiguration",
      "description": "Security headers are configured with Helmet",
      "timestamp": "2025-12-17T05:11:20.822Z"
    },
    {
      "category": "Security Misconfiguration",
      "description": "Trust proxy is configured for accurate IP detection",
      "timestamp": "2025-12-17T05:11:20.822Z"
    },
    {
      "category": "Authentication Failures",
      "description": "Secure session management is configured",
      "timestamp": "2025-12-17T05:11:20.823Z"
    },
    {
      "category": "Authentication Failures",
      "description": "CSRF protection is implemented",
      "timestamp": "2025-12-17T05:11:20.823Z"
    },
    {
      "category": "Integrity Failures",
      "description": "PWA manifest is properly configured",
      "timestamp": "2025-12-17T05:11:20.823Z"
    },
    {
      "category": "Integrity Failures",
      "description": "PWA manifest is linked",
      "timestamp": "2025-12-17T05:11:20.824Z"
    },
    {
      "category": "Logging Failures",
      "description": "Security logging is implemented",
      "timestamp": "2025-12-17T05:11:20.824Z"
    },
    {
      "category": "Logging Failures",
      "description": "Error handling is comprehensive",
      "timestamp": "2025-12-17T05:11:20.824Z"
    },
    {
      "category": "SSRF",
      "description": "Request timeouts are implemented",
      "timestamp": "2025-12-17T05:11:20.824Z"
    },
    {
      "category": "Additional Security",
      "description": "robots.txt is configured",
      "timestamp": "2025-12-17T05:11:20.825Z"
    }
  ]
}